{"cameraMode":{"drawMode":0,"name":"Shaded","section":"Shading Mode"},"sceneLighting":true,"audioPlay":false,"sceneViewState":{"m_AlwaysRefresh":false,"showFog":true,"showSkybox":true,"showFlares":true,"showImageEffects":true,"showParticleSystems":true,"showVisualEffectGraphs":true,"m_FxEnabled":true},"in2DMode":false,"pivot":{"x":-0.5173701047897339,"y":8.693497657775879,"z":-19.00178337097168},"rotation":{"x":0.33674585819244387,"y":0.04377925768494606,"z":-0.015606483444571495,"w":0.9405484795570374},"size":8.371593475341797,"orthographic":false}